Grammar

    0 $accept: program $end

    1 program: function_declaration_list

    2 function_declaration_list: function_declaration
    3                          | function_declaration_list function_declaration

    4 function_declaration: function
    5                     | declaration

    6 type_spec: INT
    7          | CHAR
    8          | STRUCT IDENTIFIER '{' field_decl_list '}'
    9          | STRUCT '{' field_decl_list '}'
   10          | STRUCT IDENTIFIER
   11          | TYPEID

   12 field_decl_list: field_decl
   13                | field_decl_list field_decl

   14 field_decl: type_spec field_var_list ';'

   15 field_var_list: field_var_unit
   16               | field_var_list ',' field_var_unit

   17 field_var_unit: IDENTIFIER
   18               | '*' IDENTIFIER
   19               | IDENTIFIER dims

   20 declaration: type_spec variable_list ';'
   21            | TYPEDEF type_spec IDENTIFIER ';'
   22            | TYPEDEF type_spec '*' IDENTIFIER ';'
   23            | TYPEDEF type_spec IDENTIFIER '[' INTEGER ']' ';'
   24            | type_spec ';'

   25 variable_list: var_unit
   26              | variable_list ',' var_unit

   27 var_unit: IDENTIFIER
   28         | '*' IDENTIFIER
   29         | IDENTIFIER dims

   30 dims: '[' INTEGER ']' dims
   31     | '[' INTEGER ']'

   32 function: type_spec function_head '(' parameter_list ')' block
   33         | error

   34 function_head: IDENTIFIER

   35 parameter_list: ε
   36               | param_seq

   37 param_seq: type_spec IDENTIFIER
   38          | type_spec '*' IDENTIFIER
   39          | type_spec IDENTIFIER '[' ']'
   40          | param_seq ',' type_spec IDENTIFIER
   41          | param_seq ',' type_spec '*' IDENTIFIER
   42          | param_seq ',' type_spec IDENTIFIER '[' ']'

   43 statement: assignment_statement ';'
   44          | input_statement ';'
   45          | output_statement ';'
   46          | call_statement ';'
   47          | return_statement ';'
   48          | if_statement
   49          | while_statement
   50          | do_while_statement
   51          | for_statement
   52          | switch_statement
   53          | block
   54          | BREAK ';'
   55          | CONTINUE ';'
   56          | error

   57 switch_statement: SWITCH '(' expression ')' '{' setup case_list '}'

   58 setup: ε

   59 case_list: ε
   60          | case_list case_item

   61 case_item: CASE INTEGER ':' statement_list
   62          | CASE INTEGER ':'
   63          | CASE CHARACTER ':' statement_list
   64          | CASE CHARACTER ':'
   65          | DEFAULT ':' statement_list
   66          | DEFAULT ':'

   67 block: '{' declaration_list statement_list '}'

   68 declaration_list: ε
   69                 | declaration_list declaration

   70 statement_list: statement
   71               | statement_list statement

   72 assignment_statement: IDENTIFIER '=' expression
   73                     | '*' expression '=' expression
   74                     | expression '[' expression ']' '=' expression
   75                     | expression '.' IDENTIFIER '=' expression
   76                     | expression ARROW IDENTIFIER '=' expression

   77 expression: expression '+' expression
   78           | expression '-' expression
   79           | expression '*' expression
   80           | expression '/' expression
   81           | '-' expression
   82           | '*' expression
   83           | '&' laddr
   84           | expression '[' expression ']'
   85           | expression '.' IDENTIFIER
   86           | expression ARROW IDENTIFIER
   87           | expression EQ expression
   88           | expression NE expression
   89           | expression LT expression
   90           | expression LE expression
   91           | expression GT expression
   92           | expression GE expression
   93           | expression AND expression
   94           | expression OR expression
   95           | '(' expression ')'
   96           | INTEGER
   97           | CHARACTER
   98           | IDENTIFIER
   99           | call_expression

  100 laddr: IDENTIFIER
  101      | laddr '[' expression ']'
  102      | laddr '.' IDENTIFIER
  103      | laddr ARROW IDENTIFIER

  104 argument_list: ε
  105              | expression_list

  106 expression_list: expression
  107                | expression_list ',' expression

  108 input_statement: INPUT IDENTIFIER

  109 output_statement: OUTPUT IDENTIFIER
  110                 | OUTPUT TEXT
  111                 | OUTPUT CHARACTER

  112 return_statement: RETURN expression

  113 if_statement: IF '(' expression ')' block
  114             | IF '(' expression ')' block ELSE block

  115 while_statement: WHILE '(' expression ')' block

  116 do_while_statement: DO block WHILE '(' expression ')' ';'

  117 for_statement: FOR '(' for_init ';' for_cond ';' for_iter ')' block

  118 for_init: assignment_statement
  119         | call_statement
  120         | ε

  121 for_cond: expression
  122         | ε

  123 for_iter: assignment_statement
  124         | call_statement
  125         | ε

  126 call_statement: IDENTIFIER '(' argument_list ')'

  127 call_expression: IDENTIFIER '(' argument_list ')'


Terminals, with rules where they appear

    $end (0) 0
    '&' (38) 83
    '(' (40) 32 57 95 113 114 115 116 117 126 127
    ')' (41) 32 57 95 113 114 115 116 117 126 127
    '*' (42) 18 22 28 38 41 73 79 82
    '+' (43) 77
    ',' (44) 16 26 40 41 42 107
    '-' (45) 78 81
    '.' (46) 75 85 102
    '/' (47) 80
    ':' (58) 61 62 63 64 65 66
    ';' (59) 14 20 21 22 23 24 43 44 45 46 47 54 55 116 117
    '=' (61) 72 73 74 75 76
    '[' (91) 23 30 31 39 42 74 84 101
    ']' (93) 23 30 31 39 42 74 84 101
    '{' (123) 8 9 57 67
    '}' (125) 8 9 57 67
    error (256) 33 56
    INT (258) 6
    EQ (259) 87
    NE (260) 88
    LT (261) 89
    LE (262) 90
    GT (263) 91
    GE (264) 92
    UMINUS (265)
    IF (266) 113 114
    ELSE (267) 114
    WHILE (268) 115 116
    INPUT (269) 108
    OUTPUT (270) 109 110 111
    RETURN (271) 112
    INTEGER <string> (272) 23 30 31 61 62 96
    IDENTIFIER <string> (273) 8 10 17 18 19 21 22 23 27 28 29 34 37 38 39 40 41 42 72 75 76 85 86 98 100 102 103 108 109 126 127
    TEXT <string> (274) 110
    SWITCH (275) 57
    CASE (276) 61 62 63 64
    DEFAULT (277) 65 66
    BREAK (278) 54
    FOR (279) 117
    DO (280) 116
    CONTINUE (281) 55
    AND (282) 93
    OR (283) 94
    CHAR (284) 7
    CHARACTER <character> (285) 63 64 97 111
    STRUCT (286) 8 9 10
    TYPEDEF (287) 21 22 23
    ARROW (288) 76 86 103
    TYPEID <string> (289) 11
    LOWER_THAN_POSTFIX (290)
    LOWER_THAN_ELSE (291)


Nonterminals, with rules where they appear

    $accept (53)
        on left: 0
    program <tac> (54)
        on left: 1
        on right: 0
    function_declaration_list <tac> (55)
        on left: 2 3
        on right: 1 3
    function_declaration <tac> (56)
        on left: 4 5
        on right: 2 3
    type_spec (57)
        on left: 6 7 8 9 10 11
        on right: 14 20 21 22 23 24 32 37 38 39 40 41 42
    field_decl_list <field> (58)
        on left: 12 13
        on right: 8 9 13
    field_decl <field> (59)
        on left: 14
        on right: 12 13
    field_var_list <field> (60)
        on left: 15 16
        on right: 14 16
    field_var_unit <field> (61)
        on left: 17 18 19
        on right: 15 16
    declaration <tac> (62)
        on left: 20 21 22 23 24
        on right: 5 69
    variable_list <tac> (63)
        on left: 25 26
        on right: 20 26
    var_unit <tac> (64)
        on left: 27 28 29
        on right: 25 26
    dims <dims> (65)
        on left: 30 31
        on right: 19 29 30
    function <tac> (66)
        on left: 32 33
        on right: 4
    function_head <sym> (67)
        on left: 34
        on right: 32
    parameter_list <tac> (68)
        on left: 35 36
        on right: 32
    param_seq <tac> (69)
        on left: 37 38 39 40 41 42
        on right: 36 40 41 42
    statement <tac> (70)
        on left: 43 44 45 46 47 48 49 50 51 52 53 54 55 56
        on right: 70 71
    switch_statement <tac> (71)
        on left: 57
        on right: 52
    setup <tac> (72)
        on left: 58
        on right: 57
    case_list <tac> (73)
        on left: 59 60
        on right: 57 60
    case_item <tac> (74)
        on left: 61 62 63 64 65 66
        on right: 60
    block <tac> (75)
        on left: 67
        on right: 32 53 113 114 115 116 117
    declaration_list <tac> (76)
        on left: 68 69
        on right: 67 69
    statement_list <tac> (77)
        on left: 70 71
        on right: 61 63 65 67 71
    assignment_statement <tac> (78)
        on left: 72 73 74 75 76
        on right: 43 118 123
    expression <exp> (79)
        on left: 77 78 79 80 81 82 83 84 85 86 87 88 89 90 91 92 93 94 95 96 97 98 99
        on right: 57 72 73 74 75 76 77 78 79 80 81 82 84 85 86 87 88 89 90 91 92 93 94 95 101 106 107 112 113 114 115 116 121
    laddr <exp> (80)
        on left: 100 101 102 103
        on right: 83 101 102 103
    argument_list <exp> (81)
        on left: 104 105
        on right: 126 127
    expression_list <exp> (82)
        on left: 106 107
        on right: 105 107
    input_statement <tac> (83)
        on left: 108
        on right: 44
    output_statement <tac> (84)
        on left: 109 110 111
        on right: 45
    return_statement <tac> (85)
        on left: 112
        on right: 47
    if_statement <tac> (86)
        on left: 113 114
        on right: 48
    while_statement <tac> (87)
        on left: 115
        on right: 49
    do_while_statement <tac> (88)
        on left: 116
        on right: 50
    for_statement <tac> (89)
        on left: 117
        on right: 51
    for_init <tac> (90)
        on left: 118 119 120
        on right: 117
    for_cond <exp> (91)
        on left: 121 122
        on right: 117
    for_iter <tac> (92)
        on left: 123 124 125
        on right: 117
    call_statement <tac> (93)
        on left: 126
        on right: 46 119 124
    call_expression <exp> (94)
        on left: 127
        on right: 99


State 0

    0 $accept: • program $end

    error    shift, and go to state 1
    INT      shift, and go to state 2
    CHAR     shift, and go to state 3
    STRUCT   shift, and go to state 4
    TYPEDEF  shift, and go to state 5
    TYPEID   shift, and go to state 6

    program                    go to state 7
    function_declaration_list  go to state 8
    function_declaration       go to state 9
    type_spec                  go to state 10
    declaration                go to state 11
    function                   go to state 12


State 1

   33 function: error •

    $default  reduce using rule 33 (function)


State 2

    6 type_spec: INT •

    $default  reduce using rule 6 (type_spec)


State 3

    7 type_spec: CHAR •

    $default  reduce using rule 7 (type_spec)


State 4

    8 type_spec: STRUCT • IDENTIFIER '{' field_decl_list '}'
    9          | STRUCT • '{' field_decl_list '}'
   10          | STRUCT • IDENTIFIER

    IDENTIFIER  shift, and go to state 13
    '{'         shift, and go to state 14


State 5

   21 declaration: TYPEDEF • type_spec IDENTIFIER ';'
   22            | TYPEDEF • type_spec '*' IDENTIFIER ';'
   23            | TYPEDEF • type_spec IDENTIFIER '[' INTEGER ']' ';'

    INT     shift, and go to state 2
    CHAR    shift, and go to state 3
    STRUCT  shift, and go to state 4
    TYPEID  shift, and go to state 6

    type_spec  go to state 15


State 6

   11 type_spec: TYPEID •

    $default  reduce using rule 11 (type_spec)


State 7

    0 $accept: program • $end

    $end  shift, and go to state 16


State 8

    1 program: function_declaration_list •
    3 function_declaration_list: function_declaration_list • function_declaration

    error    shift, and go to state 1
    INT      shift, and go to state 2
    CHAR     shift, and go to state 3
    STRUCT   shift, and go to state 4
    TYPEDEF  shift, and go to state 5
    TYPEID   shift, and go to state 6

    $end  reduce using rule 1 (program)

    function_declaration  go to state 17
    type_spec             go to state 10
    declaration           go to state 11
    function              go to state 12


State 9

    2 function_declaration_list: function_declaration •

    $default  reduce using rule 2 (function_declaration_list)


State 10

   20 declaration: type_spec • variable_list ';'
   24            | type_spec • ';'
   32 function: type_spec • function_head '(' parameter_list ')' block

    IDENTIFIER  shift, and go to state 18
    '*'         shift, and go to state 19
    ';'         shift, and go to state 20

    variable_list  go to state 21
    var_unit       go to state 22
    function_head  go to state 23


State 11

    5 function_declaration: declaration •

    $default  reduce using rule 5 (function_declaration)


State 12

    4 function_declaration: function •

    $default  reduce using rule 4 (function_declaration)


State 13

    8 type_spec: STRUCT IDENTIFIER • '{' field_decl_list '}'
   10          | STRUCT IDENTIFIER •

    '{'  shift, and go to state 24

    $default  reduce using rule 10 (type_spec)


State 14

    9 type_spec: STRUCT '{' • field_decl_list '}'

    INT     shift, and go to state 2
    CHAR    shift, and go to state 3
    STRUCT  shift, and go to state 4
    TYPEID  shift, and go to state 6

    type_spec        go to state 25
    field_decl_list  go to state 26
    field_decl       go to state 27


State 15

   21 declaration: TYPEDEF type_spec • IDENTIFIER ';'
   22            | TYPEDEF type_spec • '*' IDENTIFIER ';'
   23            | TYPEDEF type_spec • IDENTIFIER '[' INTEGER ']' ';'

    IDENTIFIER  shift, and go to state 28
    '*'         shift, and go to state 29


State 16

    0 $accept: program $end •

    $default  accept


State 17

    3 function_declaration_list: function_declaration_list function_declaration •

    $default  reduce using rule 3 (function_declaration_list)


State 18

   27 var_unit: IDENTIFIER •
   29         | IDENTIFIER • dims
   34 function_head: IDENTIFIER •

    '['  shift, and go to state 30

    '('       reduce using rule 34 (function_head)
    $default  reduce using rule 27 (var_unit)

    dims  go to state 31


State 19

   28 var_unit: '*' • IDENTIFIER

    IDENTIFIER  shift, and go to state 32


State 20

   24 declaration: type_spec ';' •

    $default  reduce using rule 24 (declaration)


State 21

   20 declaration: type_spec variable_list • ';'
   26 variable_list: variable_list • ',' var_unit

    ';'  shift, and go to state 33
    ','  shift, and go to state 34


State 22

   25 variable_list: var_unit •

    $default  reduce using rule 25 (variable_list)


State 23

   32 function: type_spec function_head • '(' parameter_list ')' block

    '('  shift, and go to state 35


State 24

    8 type_spec: STRUCT IDENTIFIER '{' • field_decl_list '}'

    INT     shift, and go to state 2
    CHAR    shift, and go to state 3
    STRUCT  shift, and go to state 4
    TYPEID  shift, and go to state 6

    type_spec        go to state 25
    field_decl_list  go to state 36
    field_decl       go to state 27


State 25

   14 field_decl: type_spec • field_var_list ';'

    IDENTIFIER  shift, and go to state 37
    '*'         shift, and go to state 38

    field_var_list  go to state 39
    field_var_unit  go to state 40


State 26

    9 type_spec: STRUCT '{' field_decl_list • '}'
   13 field_decl_list: field_decl_list • field_decl

    INT     shift, and go to state 2
    CHAR    shift, and go to state 3
    STRUCT  shift, and go to state 4
    TYPEID  shift, and go to state 6
    '}'     shift, and go to state 41

    type_spec   go to state 25
    field_decl  go to state 42


State 27

   12 field_decl_list: field_decl •

    $default  reduce using rule 12 (field_decl_list)


State 28

   21 declaration: TYPEDEF type_spec IDENTIFIER • ';'
   23            | TYPEDEF type_spec IDENTIFIER • '[' INTEGER ']' ';'

    '['  shift, and go to state 43
    ';'  shift, and go to state 44


State 29

   22 declaration: TYPEDEF type_spec '*' • IDENTIFIER ';'

    IDENTIFIER  shift, and go to state 45


State 30

   30 dims: '[' • INTEGER ']' dims
   31     | '[' • INTEGER ']'

    INTEGER  shift, and go to state 46


State 31

   29 var_unit: IDENTIFIER dims •

    $default  reduce using rule 29 (var_unit)


State 32

   28 var_unit: '*' IDENTIFIER •

    $default  reduce using rule 28 (var_unit)


State 33

   20 declaration: type_spec variable_list ';' •

    $default  reduce using rule 20 (declaration)


State 34

   26 variable_list: variable_list ',' • var_unit

    IDENTIFIER  shift, and go to state 47
    '*'         shift, and go to state 19

    var_unit  go to state 48


State 35

   32 function: type_spec function_head '(' • parameter_list ')' block

    INT     shift, and go to state 2
    CHAR    shift, and go to state 3
    STRUCT  shift, and go to state 4
    TYPEID  shift, and go to state 6

    $default  reduce using rule 35 (parameter_list)

    type_spec       go to state 49
    parameter_list  go to state 50
    param_seq       go to state 51


State 36

    8 type_spec: STRUCT IDENTIFIER '{' field_decl_list • '}'
   13 field_decl_list: field_decl_list • field_decl

    INT     shift, and go to state 2
    CHAR    shift, and go to state 3
    STRUCT  shift, and go to state 4
    TYPEID  shift, and go to state 6
    '}'     shift, and go to state 52

    type_spec   go to state 25
    field_decl  go to state 42


State 37

   17 field_var_unit: IDENTIFIER •
   19               | IDENTIFIER • dims

    '['  shift, and go to state 30

    $default  reduce using rule 17 (field_var_unit)

    dims  go to state 53


State 38

   18 field_var_unit: '*' • IDENTIFIER

    IDENTIFIER  shift, and go to state 54


State 39

   14 field_decl: type_spec field_var_list • ';'
   16 field_var_list: field_var_list • ',' field_var_unit

    ';'  shift, and go to state 55
    ','  shift, and go to state 56


State 40

   15 field_var_list: field_var_unit •

    $default  reduce using rule 15 (field_var_list)


State 41

    9 type_spec: STRUCT '{' field_decl_list '}' •

    $default  reduce using rule 9 (type_spec)


State 42

   13 field_decl_list: field_decl_list field_decl •

    $default  reduce using rule 13 (field_decl_list)


State 43

   23 declaration: TYPEDEF type_spec IDENTIFIER '[' • INTEGER ']' ';'

    INTEGER  shift, and go to state 57


State 44

   21 declaration: TYPEDEF type_spec IDENTIFIER ';' •

    $default  reduce using rule 21 (declaration)


State 45

   22 declaration: TYPEDEF type_spec '*' IDENTIFIER • ';'

    ';'  shift, and go to state 58


State 46

   30 dims: '[' INTEGER • ']' dims
   31     | '[' INTEGER • ']'

    ']'  shift, and go to state 59


State 47

   27 var_unit: IDENTIFIER •
   29         | IDENTIFIER • dims

    '['  shift, and go to state 30

    $default  reduce using rule 27 (var_unit)

    dims  go to state 31


State 48

   26 variable_list: variable_list ',' var_unit •

    $default  reduce using rule 26 (variable_list)


State 49

   37 param_seq: type_spec • IDENTIFIER
   38          | type_spec • '*' IDENTIFIER
   39          | type_spec • IDENTIFIER '[' ']'

    IDENTIFIER  shift, and go to state 60
    '*'         shift, and go to state 61


State 50

   32 function: type_spec function_head '(' parameter_list • ')' block

    ')'  shift, and go to state 62


State 51

   36 parameter_list: param_seq •
   40 param_seq: param_seq • ',' type_spec IDENTIFIER
   41          | param_seq • ',' type_spec '*' IDENTIFIER
   42          | param_seq • ',' type_spec IDENTIFIER '[' ']'

    ','  shift, and go to state 63

    $default  reduce using rule 36 (parameter_list)


State 52

    8 type_spec: STRUCT IDENTIFIER '{' field_decl_list '}' •

    $default  reduce using rule 8 (type_spec)


State 53

   19 field_var_unit: IDENTIFIER dims •

    $default  reduce using rule 19 (field_var_unit)


State 54

   18 field_var_unit: '*' IDENTIFIER •

    $default  reduce using rule 18 (field_var_unit)


State 55

   14 field_decl: type_spec field_var_list ';' •

    $default  reduce using rule 14 (field_decl)


State 56

   16 field_var_list: field_var_list ',' • field_var_unit

    IDENTIFIER  shift, and go to state 37
    '*'         shift, and go to state 38

    field_var_unit  go to state 64


State 57

   23 declaration: TYPEDEF type_spec IDENTIFIER '[' INTEGER • ']' ';'

    ']'  shift, and go to state 65


State 58

   22 declaration: TYPEDEF type_spec '*' IDENTIFIER ';' •

    $default  reduce using rule 22 (declaration)


State 59

   30 dims: '[' INTEGER ']' • dims
   31     | '[' INTEGER ']' •

    '['  shift, and go to state 30

    $default  reduce using rule 31 (dims)

    dims  go to state 66


State 60

   37 param_seq: type_spec IDENTIFIER •
   39          | type_spec IDENTIFIER • '[' ']'

    '['  shift, and go to state 67

    $default  reduce using rule 37 (param_seq)


State 61

   38 param_seq: type_spec '*' • IDENTIFIER

    IDENTIFIER  shift, and go to state 68


State 62

   32 function: type_spec function_head '(' parameter_list ')' • block

    '{'  shift, and go to state 69

    block  go to state 70


State 63

   40 param_seq: param_seq ',' • type_spec IDENTIFIER
   41          | param_seq ',' • type_spec '*' IDENTIFIER
   42          | param_seq ',' • type_spec IDENTIFIER '[' ']'

    INT     shift, and go to state 2
    CHAR    shift, and go to state 3
    STRUCT  shift, and go to state 4
    TYPEID  shift, and go to state 6

    type_spec  go to state 71


State 64

   16 field_var_list: field_var_list ',' field_var_unit •

    $default  reduce using rule 16 (field_var_list)


State 65

   23 declaration: TYPEDEF type_spec IDENTIFIER '[' INTEGER ']' • ';'

    ';'  shift, and go to state 72


State 66

   30 dims: '[' INTEGER ']' dims •

    $default  reduce using rule 30 (dims)


State 67

   39 param_seq: type_spec IDENTIFIER '[' • ']'

    ']'  shift, and go to state 73


State 68

   38 param_seq: type_spec '*' IDENTIFIER •

    $default  reduce using rule 38 (param_seq)


State 69

   67 block: '{' • declaration_list statement_list '}'

    $default  reduce using rule 68 (declaration_list)

    declaration_list  go to state 74


State 70

   32 function: type_spec function_head '(' parameter_list ')' block •

    $default  reduce using rule 32 (function)


State 71

   40 param_seq: param_seq ',' type_spec • IDENTIFIER
   41          | param_seq ',' type_spec • '*' IDENTIFIER
   42          | param_seq ',' type_spec • IDENTIFIER '[' ']'

    IDENTIFIER  shift, and go to state 75
    '*'         shift, and go to state 76


State 72

   23 declaration: TYPEDEF type_spec IDENTIFIER '[' INTEGER ']' ';' •

    $default  reduce using rule 23 (declaration)


State 73

   39 param_seq: type_spec IDENTIFIER '[' ']' •

    $default  reduce using rule 39 (param_seq)


State 74

   67 block: '{' declaration_list • statement_list '}'
   69 declaration_list: declaration_list • declaration

    error       shift, and go to state 77
    INT         shift, and go to state 2
    IF          shift, and go to state 78
    WHILE       shift, and go to state 79
    INPUT       shift, and go to state 80
    OUTPUT      shift, and go to state 81
    RETURN      shift, and go to state 82
    INTEGER     shift, and go to state 83
    IDENTIFIER  shift, and go to state 84
    SWITCH      shift, and go to state 85
    BREAK       shift, and go to state 86
    FOR         shift, and go to state 87
    DO          shift, and go to state 88
    CONTINUE    shift, and go to state 89
    CHAR        shift, and go to state 3
    CHARACTER   shift, and go to state 90
    STRUCT      shift, and go to state 4
    TYPEDEF     shift, and go to state 5
    TYPEID      shift, and go to state 6
    '-'         shift, and go to state 91
    '*'         shift, and go to state 92
    '{'         shift, and go to state 69
    '('         shift, and go to state 93
    '&'         shift, and go to state 94

    type_spec             go to state 95
    declaration           go to state 96
    statement             go to state 97
    switch_statement      go to state 98
    block                 go to state 99
    statement_list        go to state 100
    assignment_statement  go to state 101
    expression            go to state 102
    input_statement       go to state 103
    output_statement      go to state 104
    return_statement      go to state 105
    if_statement          go to state 106
    while_statement       go to state 107
    do_while_statement    go to state 108
    for_statement         go to state 109
    call_statement        go to state 110
    call_expression       go to state 111


State 75

   40 param_seq: param_seq ',' type_spec IDENTIFIER •
   42          | param_seq ',' type_spec IDENTIFIER • '[' ']'

    '['  shift, and go to state 112

    $default  reduce using rule 40 (param_seq)


State 76

   41 param_seq: param_seq ',' type_spec '*' • IDENTIFIER

    IDENTIFIER  shift, and go to state 113


State 77

   56 statement: error •

    $default  reduce using rule 56 (statement)


State 78

  113 if_statement: IF • '(' expression ')' block
  114             | IF • '(' expression ')' block ELSE block

    '('  shift, and go to state 114


State 79

  115 while_statement: WHILE • '(' expression ')' block

    '('  shift, and go to state 115


State 80

  108 input_statement: INPUT • IDENTIFIER

    IDENTIFIER  shift, and go to state 116


State 81

  109 output_statement: OUTPUT • IDENTIFIER
  110                 | OUTPUT • TEXT
  111                 | OUTPUT • CHARACTER

    IDENTIFIER  shift, and go to state 117
    TEXT        shift, and go to state 118
    CHARACTER   shift, and go to state 119


State 82

  112 return_statement: RETURN • expression

    INTEGER     shift, and go to state 83
    IDENTIFIER  shift, and go to state 120
    CHARACTER   shift, and go to state 90
    '-'         shift, and go to state 91
    '*'         shift, and go to state 121
    '('         shift, and go to state 93
    '&'         shift, and go to state 94

    expression       go to state 122
    call_expression  go to state 111


State 83

   96 expression: INTEGER •

    $default  reduce using rule 96 (expression)


State 84

   72 assignment_statement: IDENTIFIER • '=' expression
   98 expression: IDENTIFIER •
  126 call_statement: IDENTIFIER • '(' argument_list ')'
  127 call_expression: IDENTIFIER • '(' argument_list ')'

    '='  shift, and go to state 123
    '('  shift, and go to state 124

    $default  reduce using rule 98 (expression)


State 85

   57 switch_statement: SWITCH • '(' expression ')' '{' setup case_list '}'

    '('  shift, and go to state 125


State 86

   54 statement: BREAK • ';'

    ';'  shift, and go to state 126


State 87

  117 for_statement: FOR • '(' for_init ';' for_cond ';' for_iter ')' block

    '('  shift, and go to state 127


State 88

  116 do_while_statement: DO • block WHILE '(' expression ')' ';'

    '{'  shift, and go to state 69

    block  go to state 128


State 89

   55 statement: CONTINUE • ';'

    ';'  shift, and go to state 129


State 90

   97 expression: CHARACTER •

    $default  reduce using rule 97 (expression)


State 91

   81 expression: '-' • expression

    INTEGER     shift, and go to state 83
    IDENTIFIER  shift, and go to state 120
    CHARACTER   shift, and go to state 90
    '-'         shift, and go to state 91
    '*'         shift, and go to state 121
    '('         shift, and go to state 93
    '&'         shift, and go to state 94

    expression       go to state 130
    call_expression  go to state 111


State 92

   73 assignment_statement: '*' • expression '=' expression
   82 expression: '*' • expression

    INTEGER     shift, and go to state 83
    IDENTIFIER  shift, and go to state 120
    CHARACTER   shift, and go to state 90
    '-'         shift, and go to state 91
    '*'         shift, and go to state 121
    '('         shift, and go to state 93
    '&'         shift, and go to state 94

    expression       go to state 131
    call_expression  go to state 111


State 93

   95 expression: '(' • expression ')'

    INTEGER     shift, and go to state 83
    IDENTIFIER  shift, and go to state 120
    CHARACTER   shift, and go to state 90
    '-'         shift, and go to state 91
    '*'         shift, and go to state 121
    '('         shift, and go to state 93
    '&'         shift, and go to state 94

    expression       go to state 132
    call_expression  go to state 111


State 94

   83 expression: '&' • laddr

    IDENTIFIER  shift, and go to state 133

    laddr  go to state 134


State 95

   20 declaration: type_spec • variable_list ';'
   24            | type_spec • ';'

    IDENTIFIER  shift, and go to state 47
    '*'         shift, and go to state 19
    ';'         shift, and go to state 20

    variable_list  go to state 21
    var_unit       go to state 22


State 96

   69 declaration_list: declaration_list declaration •

    $default  reduce using rule 69 (declaration_list)


State 97

   70 statement_list: statement •

    $default  reduce using rule 70 (statement_list)


State 98

   52 statement: switch_statement •

    $default  reduce using rule 52 (statement)


State 99

   53 statement: block •

    $default  reduce using rule 53 (statement)


State 100

   67 block: '{' declaration_list statement_list • '}'
   71 statement_list: statement_list • statement

    error       shift, and go to state 77
    IF          shift, and go to state 78
    WHILE       shift, and go to state 79
    INPUT       shift, and go to state 80
    OUTPUT      shift, and go to state 81
    RETURN      shift, and go to state 82
    INTEGER     shift, and go to state 83
    IDENTIFIER  shift, and go to state 84
    SWITCH      shift, and go to state 85
    BREAK       shift, and go to state 86
    FOR         shift, and go to state 87
    DO          shift, and go to state 88
    CONTINUE    shift, and go to state 89
    CHARACTER   shift, and go to state 90
    '-'         shift, and go to state 91
    '*'         shift, and go to state 92
    '{'         shift, and go to state 69
    '}'         shift, and go to state 135
    '('         shift, and go to state 93
    '&'         shift, and go to state 94

    statement             go to state 136
    switch_statement      go to state 98
    block                 go to state 99
    assignment_statement  go to state 101
    expression            go to state 102
    input_statement       go to state 103
    output_statement      go to state 104
    return_statement      go to state 105
    if_statement          go to state 106
    while_statement       go to state 107
    do_while_statement    go to state 108
    for_statement         go to state 109
    call_statement        go to state 110
    call_expression       go to state 111


State 101

   43 statement: assignment_statement • ';'

    ';'  shift, and go to state 137


State 102

   74 assignment_statement: expression • '[' expression ']' '=' expression
   75                     | expression • '.' IDENTIFIER '=' expression
   76                     | expression • ARROW IDENTIFIER '=' expression
   77 expression: expression • '+' expression
   78           | expression • '-' expression
   79           | expression • '*' expression
   80           | expression • '/' expression
   84           | expression • '[' expression ']'
   85           | expression • '.' IDENTIFIER
   86           | expression • ARROW IDENTIFIER
   87           | expression • EQ expression
   88           | expression • NE expression
   89           | expression • LT expression
   90           | expression • LE expression
   91           | expression • GT expression
   92           | expression • GE expression
   93           | expression • AND expression
   94           | expression • OR expression

    EQ     shift, and go to state 138
    NE     shift, and go to state 139
    LT     shift, and go to state 140
    LE     shift, and go to state 141
    GT     shift, and go to state 142
    GE     shift, and go to state 143
    AND    shift, and go to state 144
    OR     shift, and go to state 145
    ARROW  shift, and go to state 146
    '+'    shift, and go to state 147
    '-'    shift, and go to state 148
    '*'    shift, and go to state 149
    '/'    shift, and go to state 150
    '.'    shift, and go to state 151
    '['    shift, and go to state 152


State 103

   44 statement: input_statement • ';'

    ';'  shift, and go to state 153


State 104

   45 statement: output_statement • ';'

    ';'  shift, and go to state 154


State 105

   47 statement: return_statement • ';'

    ';'  shift, and go to state 155


State 106

   48 statement: if_statement •

    $default  reduce using rule 48 (statement)


State 107

   49 statement: while_statement •

    $default  reduce using rule 49 (statement)


State 108

   50 statement: do_while_statement •

    $default  reduce using rule 50 (statement)


State 109

   51 statement: for_statement •

    $default  reduce using rule 51 (statement)


State 110

   46 statement: call_statement • ';'

    ';'  shift, and go to state 156


State 111

   99 expression: call_expression •

    $default  reduce using rule 99 (expression)


State 112

   42 param_seq: param_seq ',' type_spec IDENTIFIER '[' • ']'

    ']'  shift, and go to state 157


State 113

   41 param_seq: param_seq ',' type_spec '*' IDENTIFIER •

    $default  reduce using rule 41 (param_seq)


State 114

  113 if_statement: IF '(' • expression ')' block
  114             | IF '(' • expression ')' block ELSE block

    INTEGER     shift, and go to state 83
    IDENTIFIER  shift, and go to state 120
    CHARACTER   shift, and go to state 90
    '-'         shift, and go to state 91
    '*'         shift, and go to state 121
    '('         shift, and go to state 93
    '&'         shift, and go to state 94

    expression       go to state 158
    call_expression  go to state 111


State 115

  115 while_statement: WHILE '(' • expression ')' block

    INTEGER     shift, and go to state 83
    IDENTIFIER  shift, and go to state 120
    CHARACTER   shift, and go to state 90
    '-'         shift, and go to state 91
    '*'         shift, and go to state 121
    '('         shift, and go to state 93
    '&'         shift, and go to state 94

    expression       go to state 159
    call_expression  go to state 111


State 116

  108 input_statement: INPUT IDENTIFIER •

    $default  reduce using rule 108 (input_statement)


State 117

  109 output_statement: OUTPUT IDENTIFIER •

    $default  reduce using rule 109 (output_statement)


State 118

  110 output_statement: OUTPUT TEXT •

    $default  reduce using rule 110 (output_statement)


State 119

  111 output_statement: OUTPUT CHARACTER •

    $default  reduce using rule 111 (output_statement)


State 120

   98 expression: IDENTIFIER •
  127 call_expression: IDENTIFIER • '(' argument_list ')'

    '('  shift, and go to state 160

    $default  reduce using rule 98 (expression)


State 121

   82 expression: '*' • expression

    INTEGER     shift, and go to state 83
    IDENTIFIER  shift, and go to state 120
    CHARACTER   shift, and go to state 90
    '-'         shift, and go to state 91
    '*'         shift, and go to state 121
    '('         shift, and go to state 93
    '&'         shift, and go to state 94

    expression       go to state 161
    call_expression  go to state 111


State 122

   77 expression: expression • '+' expression
   78           | expression • '-' expression
   79           | expression • '*' expression
   80           | expression • '/' expression
   84           | expression • '[' expression ']'
   85           | expression • '.' IDENTIFIER
   86           | expression • ARROW IDENTIFIER
   87           | expression • EQ expression
   88           | expression • NE expression
   89           | expression • LT expression
   90           | expression • LE expression
   91           | expression • GT expression
   92           | expression • GE expression
   93           | expression • AND expression
   94           | expression • OR expression
  112 return_statement: RETURN expression •

    EQ     shift, and go to state 138
    NE     shift, and go to state 139
    LT     shift, and go to state 140
    LE     shift, and go to state 141
    GT     shift, and go to state 142
    GE     shift, and go to state 143
    AND    shift, and go to state 144
    OR     shift, and go to state 145
    ARROW  shift, and go to state 162
    '+'    shift, and go to state 147
    '-'    shift, and go to state 148
    '*'    shift, and go to state 149
    '/'    shift, and go to state 150
    '.'    shift, and go to state 163
    '['    shift, and go to state 164

    $default  reduce using rule 112 (return_statement)


State 123

   72 assignment_statement: IDENTIFIER '=' • expression

    INTEGER     shift, and go to state 83
    IDENTIFIER  shift, and go to state 120
    CHARACTER   shift, and go to state 90
    '-'         shift, and go to state 91
    '*'         shift, and go to state 121
    '('         shift, and go to state 93
    '&'         shift, and go to state 94

    expression       go to state 165
    call_expression  go to state 111


State 124

  126 call_statement: IDENTIFIER '(' • argument_list ')'
  127 call_expression: IDENTIFIER '(' • argument_list ')'

    INTEGER     shift, and go to state 83
    IDENTIFIER  shift, and go to state 120
    CHARACTER   shift, and go to state 90
    '-'         shift, and go to state 91
    '*'         shift, and go to state 121
    '('         shift, and go to state 93
    '&'         shift, and go to state 94

    $default  reduce using rule 104 (argument_list)

    expression       go to state 166
    argument_list    go to state 167
    expression_list  go to state 168
    call_expression  go to state 111


State 125

   57 switch_statement: SWITCH '(' • expression ')' '{' setup case_list '}'

    INTEGER     shift, and go to state 83
    IDENTIFIER  shift, and go to state 120
    CHARACTER   shift, and go to state 90
    '-'         shift, and go to state 91
    '*'         shift, and go to state 121
    '('         shift, and go to state 93
    '&'         shift, and go to state 94

    expression       go to state 169
    call_expression  go to state 111


State 126

   54 statement: BREAK ';' •

    $default  reduce using rule 54 (statement)


State 127

  117 for_statement: FOR '(' • for_init ';' for_cond ';' for_iter ')' block

    INTEGER     shift, and go to state 83
    IDENTIFIER  shift, and go to state 84
    CHARACTER   shift, and go to state 90
    '-'         shift, and go to state 91
    '*'         shift, and go to state 92
    '('         shift, and go to state 93
    '&'         shift, and go to state 94

    $default  reduce using rule 120 (for_init)

    assignment_statement  go to state 170
    expression            go to state 102
    for_init              go to state 171
    call_statement        go to state 172
    call_expression       go to state 111


State 128

  116 do_while_statement: DO block • WHILE '(' expression ')' ';'

    WHILE  shift, and go to state 173


State 129

   55 statement: CONTINUE ';' •

    $default  reduce using rule 55 (statement)


State 130

   77 expression: expression • '+' expression
   78           | expression • '-' expression
   79           | expression • '*' expression
   80           | expression • '/' expression
   81           | '-' expression •
   84           | expression • '[' expression ']'
   85           | expression • '.' IDENTIFIER
   86           | expression • ARROW IDENTIFIER
   87           | expression • EQ expression
   88           | expression • NE expression
   89           | expression • LT expression
   90           | expression • LE expression
   91           | expression • GT expression
   92           | expression • GE expression
   93           | expression • AND expression
   94           | expression • OR expression

    ARROW  shift, and go to state 162
    '.'    shift, and go to state 163
    '['    shift, and go to state 164

    $default  reduce using rule 81 (expression)


State 131

   73 assignment_statement: '*' expression • '=' expression
   77 expression: expression • '+' expression
   78           | expression • '-' expression
   79           | expression • '*' expression
   80           | expression • '/' expression
   82           | '*' expression •
   84           | expression • '[' expression ']'
   85           | expression • '.' IDENTIFIER
   86           | expression • ARROW IDENTIFIER
   87           | expression • EQ expression
   88           | expression • NE expression
   89           | expression • LT expression
   90           | expression • LE expression
   91           | expression • GT expression
   92           | expression • GE expression
   93           | expression • AND expression
   94           | expression • OR expression

    ARROW  shift, and go to state 162
    '.'    shift, and go to state 163
    '['    shift, and go to state 164
    '='    shift, and go to state 174

    $default  reduce using rule 82 (expression)


State 132

   77 expression: expression • '+' expression
   78           | expression • '-' expression
   79           | expression • '*' expression
   80           | expression • '/' expression
   84           | expression • '[' expression ']'
   85           | expression • '.' IDENTIFIER
   86           | expression • ARROW IDENTIFIER
   87           | expression • EQ expression
   88           | expression • NE expression
   89           | expression • LT expression
   90           | expression • LE expression
   91           | expression • GT expression
   92           | expression • GE expression
   93           | expression • AND expression
   94           | expression • OR expression
   95           | '(' expression • ')'

    EQ     shift, and go to state 138
    NE     shift, and go to state 139
    LT     shift, and go to state 140
    LE     shift, and go to state 141
    GT     shift, and go to state 142
    GE     shift, and go to state 143
    AND    shift, and go to state 144
    OR     shift, and go to state 145
    ARROW  shift, and go to state 162
    '+'    shift, and go to state 147
    '-'    shift, and go to state 148
    '*'    shift, and go to state 149
    '/'    shift, and go to state 150
    '.'    shift, and go to state 163
    '['    shift, and go to state 164
    ')'    shift, and go to state 175


State 133

  100 laddr: IDENTIFIER •

    $default  reduce using rule 100 (laddr)


State 134

   83 expression: '&' laddr •
  101 laddr: laddr • '[' expression ']'
  102      | laddr • '.' IDENTIFIER
  103      | laddr • ARROW IDENTIFIER

    ARROW  shift, and go to state 176
    '.'    shift, and go to state 177
    '['    shift, and go to state 178

    $default  reduce using rule 83 (expression)


State 135

   67 block: '{' declaration_list statement_list '}' •

    $default  reduce using rule 67 (block)


State 136

   71 statement_list: statement_list statement •

    $default  reduce using rule 71 (statement_list)


State 137

   43 statement: assignment_statement ';' •

    $default  reduce using rule 43 (statement)


State 138

   87 expression: expression EQ • expression

    INTEGER     shift, and go to state 83
    IDENTIFIER  shift, and go to state 120
    CHARACTER   shift, and go to state 90
    '-'         shift, and go to state 91
    '*'         shift, and go to state 121
    '('         shift, and go to state 93
    '&'         shift, and go to state 94

    expression       go to state 179
    call_expression  go to state 111


State 139

   88 expression: expression NE • expression

    INTEGER     shift, and go to state 83
    IDENTIFIER  shift, and go to state 120
    CHARACTER   shift, and go to state 90
    '-'         shift, and go to state 91
    '*'         shift, and go to state 121
    '('         shift, and go to state 93
    '&'         shift, and go to state 94

    expression       go to state 180
    call_expression  go to state 111


State 140

   89 expression: expression LT • expression

    INTEGER     shift, and go to state 83
    IDENTIFIER  shift, and go to state 120
    CHARACTER   shift, and go to state 90
    '-'         shift, and go to state 91
    '*'         shift, and go to state 121
    '('         shift, and go to state 93
    '&'         shift, and go to state 94

    expression       go to state 181
    call_expression  go to state 111


State 141

   90 expression: expression LE • expression

    INTEGER     shift, and go to state 83
    IDENTIFIER  shift, and go to state 120
    CHARACTER   shift, and go to state 90
    '-'         shift, and go to state 91
    '*'         shift, and go to state 121
    '('         shift, and go to state 93
    '&'         shift, and go to state 94

    expression       go to state 182
    call_expression  go to state 111


State 142

   91 expression: expression GT • expression

    INTEGER     shift, and go to state 83
    IDENTIFIER  shift, and go to state 120
    CHARACTER   shift, and go to state 90
    '-'         shift, and go to state 91
    '*'         shift, and go to state 121
    '('         shift, and go to state 93
    '&'         shift, and go to state 94

    expression       go to state 183
    call_expression  go to state 111


State 143

   92 expression: expression GE • expression

    INTEGER     shift, and go to state 83
    IDENTIFIER  shift, and go to state 120
    CHARACTER   shift, and go to state 90
    '-'         shift, and go to state 91
    '*'         shift, and go to state 121
    '('         shift, and go to state 93
    '&'         shift, and go to state 94

    expression       go to state 184
    call_expression  go to state 111


State 144

   93 expression: expression AND • expression

    INTEGER     shift, and go to state 83
    IDENTIFIER  shift, and go to state 120
    CHARACTER   shift, and go to state 90
    '-'         shift, and go to state 91
    '*'         shift, and go to state 121
    '('         shift, and go to state 93
    '&'         shift, and go to state 94

    expression       go to state 185
    call_expression  go to state 111


State 145

   94 expression: expression OR • expression

    INTEGER     shift, and go to state 83
    IDENTIFIER  shift, and go to state 120
    CHARACTER   shift, and go to state 90
    '-'         shift, and go to state 91
    '*'         shift, and go to state 121
    '('         shift, and go to state 93
    '&'         shift, and go to state 94

    expression       go to state 186
    call_expression  go to state 111


State 146

   76 assignment_statement: expression ARROW • IDENTIFIER '=' expression
   86 expression: expression ARROW • IDENTIFIER

    IDENTIFIER  shift, and go to state 187


State 147

   77 expression: expression '+' • expression

    INTEGER     shift, and go to state 83
    IDENTIFIER  shift, and go to state 120
    CHARACTER   shift, and go to state 90
    '-'         shift, and go to state 91
    '*'         shift, and go to state 121
    '('         shift, and go to state 93
    '&'         shift, and go to state 94

    expression       go to state 188
    call_expression  go to state 111


State 148

   78 expression: expression '-' • expression

    INTEGER     shift, and go to state 83
    IDENTIFIER  shift, and go to state 120
    CHARACTER   shift, and go to state 90
    '-'         shift, and go to state 91
    '*'         shift, and go to state 121
    '('         shift, and go to state 93
    '&'         shift, and go to state 94

    expression       go to state 189
    call_expression  go to state 111


State 149

   79 expression: expression '*' • expression

    INTEGER     shift, and go to state 83
    IDENTIFIER  shift, and go to state 120
    CHARACTER   shift, and go to state 90
    '-'         shift, and go to state 91
    '*'         shift, and go to state 121
    '('         shift, and go to state 93
    '&'         shift, and go to state 94

    expression       go to state 190
    call_expression  go to state 111


State 150

   80 expression: expression '/' • expression

    INTEGER     shift, and go to state 83
    IDENTIFIER  shift, and go to state 120
    CHARACTER   shift, and go to state 90
    '-'         shift, and go to state 91
    '*'         shift, and go to state 121
    '('         shift, and go to state 93
    '&'         shift, and go to state 94

    expression       go to state 191
    call_expression  go to state 111


State 151

   75 assignment_statement: expression '.' • IDENTIFIER '=' expression
   85 expression: expression '.' • IDENTIFIER

    IDENTIFIER  shift, and go to state 192


State 152

   74 assignment_statement: expression '[' • expression ']' '=' expression
   84 expression: expression '[' • expression ']'

    INTEGER     shift, and go to state 83
    IDENTIFIER  shift, and go to state 120
    CHARACTER   shift, and go to state 90
    '-'         shift, and go to state 91
    '*'         shift, and go to state 121
    '('         shift, and go to state 93
    '&'         shift, and go to state 94

    expression       go to state 193
    call_expression  go to state 111


State 153

   44 statement: input_statement ';' •

    $default  reduce using rule 44 (statement)


State 154

   45 statement: output_statement ';' •

    $default  reduce using rule 45 (statement)


State 155

   47 statement: return_statement ';' •

    $default  reduce using rule 47 (statement)


State 156

   46 statement: call_statement ';' •

    $default  reduce using rule 46 (statement)


State 157

   42 param_seq: param_seq ',' type_spec IDENTIFIER '[' ']' •

    $default  reduce using rule 42 (param_seq)


State 158

   77 expression: expression • '+' expression
   78           | expression • '-' expression
   79           | expression • '*' expression
   80           | expression • '/' expression
   84           | expression • '[' expression ']'
   85           | expression • '.' IDENTIFIER
   86           | expression • ARROW IDENTIFIER
   87           | expression • EQ expression
   88           | expression • NE expression
   89           | expression • LT expression
   90           | expression • LE expression
   91           | expression • GT expression
   92           | expression • GE expression
   93           | expression • AND expression
   94           | expression • OR expression
  113 if_statement: IF '(' expression • ')' block
  114             | IF '(' expression • ')' block ELSE block

    EQ     shift, and go to state 138
    NE     shift, and go to state 139
    LT     shift, and go to state 140
    LE     shift, and go to state 141
    GT     shift, and go to state 142
    GE     shift, and go to state 143
    AND    shift, and go to state 144
    OR     shift, and go to state 145
    ARROW  shift, and go to state 162
    '+'    shift, and go to state 147
    '-'    shift, and go to state 148
    '*'    shift, and go to state 149
    '/'    shift, and go to state 150
    '.'    shift, and go to state 163
    '['    shift, and go to state 164
    ')'    shift, and go to state 194


State 159

   77 expression: expression • '+' expression
   78           | expression • '-' expression
   79           | expression • '*' expression
   80           | expression • '/' expression
   84           | expression • '[' expression ']'
   85           | expression • '.' IDENTIFIER
   86           | expression • ARROW IDENTIFIER
   87           | expression • EQ expression
   88           | expression • NE expression
   89           | expression • LT expression
   90           | expression • LE expression
   91           | expression • GT expression
   92           | expression • GE expression
   93           | expression • AND expression
   94           | expression • OR expression
  115 while_statement: WHILE '(' expression • ')' block

    EQ     shift, and go to state 138
    NE     shift, and go to state 139
    LT     shift, and go to state 140
    LE     shift, and go to state 141
    GT     shift, and go to state 142
    GE     shift, and go to state 143
    AND    shift, and go to state 144
    OR     shift, and go to state 145
    ARROW  shift, and go to state 162
    '+'    shift, and go to state 147
    '-'    shift, and go to state 148
    '*'    shift, and go to state 149
    '/'    shift, and go to state 150
    '.'    shift, and go to state 163
    '['    shift, and go to state 164
    ')'    shift, and go to state 195


State 160

  127 call_expression: IDENTIFIER '(' • argument_list ')'

    INTEGER     shift, and go to state 83
    IDENTIFIER  shift, and go to state 120
    CHARACTER   shift, and go to state 90
    '-'         shift, and go to state 91
    '*'         shift, and go to state 121
    '('         shift, and go to state 93
    '&'         shift, and go to state 94

    $default  reduce using rule 104 (argument_list)

    expression       go to state 166
    argument_list    go to state 196
    expression_list  go to state 168
    call_expression  go to state 111


State 161

   77 expression: expression • '+' expression
   78           | expression • '-' expression
   79           | expression • '*' expression
   80           | expression • '/' expression
   82           | '*' expression •
   84           | expression • '[' expression ']'
   85           | expression • '.' IDENTIFIER
   86           | expression • ARROW IDENTIFIER
   87           | expression • EQ expression
   88           | expression • NE expression
   89           | expression • LT expression
   90           | expression • LE expression
   91           | expression • GT expression
   92           | expression • GE expression
   93           | expression • AND expression
   94           | expression • OR expression

    ARROW  shift, and go to state 162
    '.'    shift, and go to state 163
    '['    shift, and go to state 164

    $default  reduce using rule 82 (expression)


State 162

   86 expression: expression ARROW • IDENTIFIER

    IDENTIFIER  shift, and go to state 197


State 163

   85 expression: expression '.' • IDENTIFIER

    IDENTIFIER  shift, and go to state 198


State 164

   84 expression: expression '[' • expression ']'

    INTEGER     shift, and go to state 83
    IDENTIFIER  shift, and go to state 120
    CHARACTER   shift, and go to state 90
    '-'         shift, and go to state 91
    '*'         shift, and go to state 121
    '('         shift, and go to state 93
    '&'         shift, and go to state 94

    expression       go to state 199
    call_expression  go to state 111


State 165

   72 assignment_statement: IDENTIFIER '=' expression •
   77 expression: expression • '+' expression
   78           | expression • '-' expression
   79           | expression • '*' expression
   80           | expression • '/' expression
   84           | expression • '[' expression ']'
   85           | expression • '.' IDENTIFIER
   86           | expression • ARROW IDENTIFIER
   87           | expression • EQ expression
   88           | expression • NE expression
   89           | expression • LT expression
   90           | expression • LE expression
   91           | expression • GT expression
   92           | expression • GE expression
   93           | expression • AND expression
   94           | expression • OR expression

    EQ     shift, and go to state 138
    NE     shift, and go to state 139
    LT     shift, and go to state 140
    LE     shift, and go to state 141
    GT     shift, and go to state 142
    GE     shift, and go to state 143
    AND    shift, and go to state 144
    OR     shift, and go to state 145
    ARROW  shift, and go to state 162
    '+'    shift, and go to state 147
    '-'    shift, and go to state 148
    '*'    shift, and go to state 149
    '/'    shift, and go to state 150
    '.'    shift, and go to state 163
    '['    shift, and go to state 164

    $default  reduce using rule 72 (assignment_statement)


State 166

   77 expression: expression • '+' expression
   78           | expression • '-' expression
   79           | expression • '*' expression
   80           | expression • '/' expression
   84           | expression • '[' expression ']'
   85           | expression • '.' IDENTIFIER
   86           | expression • ARROW IDENTIFIER
   87           | expression • EQ expression
   88           | expression • NE expression
   89           | expression • LT expression
   90           | expression • LE expression
   91           | expression • GT expression
   92           | expression • GE expression
   93           | expression • AND expression
   94           | expression • OR expression
  106 expression_list: expression •

    EQ     shift, and go to state 138
    NE     shift, and go to state 139
    LT     shift, and go to state 140
    LE     shift, and go to state 141
    GT     shift, and go to state 142
    GE     shift, and go to state 143
    AND    shift, and go to state 144
    OR     shift, and go to state 145
    ARROW  shift, and go to state 162
    '+'    shift, and go to state 147
    '-'    shift, and go to state 148
    '*'    shift, and go to state 149
    '/'    shift, and go to state 150
    '.'    shift, and go to state 163
    '['    shift, and go to state 164

    $default  reduce using rule 106 (expression_list)


State 167

  126 call_statement: IDENTIFIER '(' argument_list • ')'
  127 call_expression: IDENTIFIER '(' argument_list • ')'

    ')'  shift, and go to state 200


State 168

  105 argument_list: expression_list •
  107 expression_list: expression_list • ',' expression

    ','  shift, and go to state 201

    $default  reduce using rule 105 (argument_list)


State 169

   57 switch_statement: SWITCH '(' expression • ')' '{' setup case_list '}'
   77 expression: expression • '+' expression
   78           | expression • '-' expression
   79           | expression • '*' expression
   80           | expression • '/' expression
   84           | expression • '[' expression ']'
   85           | expression • '.' IDENTIFIER
   86           | expression • ARROW IDENTIFIER
   87           | expression • EQ expression
   88           | expression • NE expression
   89           | expression • LT expression
   90           | expression • LE expression
   91           | expression • GT expression
   92           | expression • GE expression
   93           | expression • AND expression
   94           | expression • OR expression

    EQ     shift, and go to state 138
    NE     shift, and go to state 139
    LT     shift, and go to state 140
    LE     shift, and go to state 141
    GT     shift, and go to state 142
    GE     shift, and go to state 143
    AND    shift, and go to state 144
    OR     shift, and go to state 145
    ARROW  shift, and go to state 162
    '+'    shift, and go to state 147
    '-'    shift, and go to state 148
    '*'    shift, and go to state 149
    '/'    shift, and go to state 150
    '.'    shift, and go to state 163
    '['    shift, and go to state 164
    ')'    shift, and go to state 202


State 170

  118 for_init: assignment_statement •

    $default  reduce using rule 118 (for_init)


State 171

  117 for_statement: FOR '(' for_init • ';' for_cond ';' for_iter ')' block

    ';'  shift, and go to state 203


State 172

  119 for_init: call_statement •

    $default  reduce using rule 119 (for_init)


State 173

  116 do_while_statement: DO block WHILE • '(' expression ')' ';'

    '('  shift, and go to state 204


State 174

   73 assignment_statement: '*' expression '=' • expression

    INTEGER     shift, and go to state 83
    IDENTIFIER  shift, and go to state 120
    CHARACTER   shift, and go to state 90
    '-'         shift, and go to state 91
    '*'         shift, and go to state 121
    '('         shift, and go to state 93
    '&'         shift, and go to state 94

    expression       go to state 205
    call_expression  go to state 111


State 175

   95 expression: '(' expression ')' •

    $default  reduce using rule 95 (expression)


State 176

  103 laddr: laddr ARROW • IDENTIFIER

    IDENTIFIER  shift, and go to state 206


State 177

  102 laddr: laddr '.' • IDENTIFIER

    IDENTIFIER  shift, and go to state 207


State 178

  101 laddr: laddr '[' • expression ']'

    INTEGER     shift, and go to state 83
    IDENTIFIER  shift, and go to state 120
    CHARACTER   shift, and go to state 90
    '-'         shift, and go to state 91
    '*'         shift, and go to state 121
    '('         shift, and go to state 93
    '&'         shift, and go to state 94

    expression       go to state 208
    call_expression  go to state 111


State 179

   77 expression: expression • '+' expression
   78           | expression • '-' expression
   79           | expression • '*' expression
   80           | expression • '/' expression
   84           | expression • '[' expression ']'
   85           | expression • '.' IDENTIFIER
   86           | expression • ARROW IDENTIFIER
   87           | expression • EQ expression
   87           | expression EQ expression •
   88           | expression • NE expression
   89           | expression • LT expression
   90           | expression • LE expression
   91           | expression • GT expression
   92           | expression • GE expression
   93           | expression • AND expression
   94           | expression • OR expression

    ARROW  shift, and go to state 162
    '+'    shift, and go to state 147
    '-'    shift, and go to state 148
    '*'    shift, and go to state 149
    '/'    shift, and go to state 150
    '.'    shift, and go to state 163
    '['    shift, and go to state 164

    $default  reduce using rule 87 (expression)


State 180

   77 expression: expression • '+' expression
   78           | expression • '-' expression
   79           | expression • '*' expression
   80           | expression • '/' expression
   84           | expression • '[' expression ']'
   85           | expression • '.' IDENTIFIER
   86           | expression • ARROW IDENTIFIER
   87           | expression • EQ expression
   88           | expression • NE expression
   88           | expression NE expression •
   89           | expression • LT expression
   90           | expression • LE expression
   91           | expression • GT expression
   92           | expression • GE expression
   93           | expression • AND expression
   94           | expression • OR expression

    ARROW  shift, and go to state 162
    '+'    shift, and go to state 147
    '-'    shift, and go to state 148
    '*'    shift, and go to state 149
    '/'    shift, and go to state 150
    '.'    shift, and go to state 163
    '['    shift, and go to state 164

    $default  reduce using rule 88 (expression)


State 181

   77 expression: expression • '+' expression
   78           | expression • '-' expression
   79           | expression • '*' expression
   80           | expression • '/' expression
   84           | expression • '[' expression ']'
   85           | expression • '.' IDENTIFIER
   86           | expression • ARROW IDENTIFIER
   87           | expression • EQ expression
   88           | expression • NE expression
   89           | expression • LT expression
   89           | expression LT expression •
   90           | expression • LE expression
   91           | expression • GT expression
   92           | expression • GE expression
   93           | expression • AND expression
   94           | expression • OR expression

    ARROW  shift, and go to state 162
    '+'    shift, and go to state 147
    '-'    shift, and go to state 148
    '*'    shift, and go to state 149
    '/'    shift, and go to state 150
    '.'    shift, and go to state 163
    '['    shift, and go to state 164

    $default  reduce using rule 89 (expression)


State 182

   77 expression: expression • '+' expression
   78           | expression • '-' expression
   79           | expression • '*' expression
   80           | expression • '/' expression
   84           | expression • '[' expression ']'
   85           | expression • '.' IDENTIFIER
   86           | expression • ARROW IDENTIFIER
   87           | expression • EQ expression
   88           | expression • NE expression
   89           | expression • LT expression
   90           | expression • LE expression
   90           | expression LE expression •
   91           | expression • GT expression
   92           | expression • GE expression
   93           | expression • AND expression
   94           | expression • OR expression

    ARROW  shift, and go to state 162
    '+'    shift, and go to state 147
    '-'    shift, and go to state 148
    '*'    shift, and go to state 149
    '/'    shift, and go to state 150
    '.'    shift, and go to state 163
    '['    shift, and go to state 164

    $default  reduce using rule 90 (expression)


State 183

   77 expression: expression • '+' expression
   78           | expression • '-' expression
   79           | expression • '*' expression
   80           | expression • '/' expression
   84           | expression • '[' expression ']'
   85           | expression • '.' IDENTIFIER
   86           | expression • ARROW IDENTIFIER
   87           | expression • EQ expression
   88           | expression • NE expression
   89           | expression • LT expression
   90           | expression • LE expression
   91           | expression • GT expression
   91           | expression GT expression •
   92           | expression • GE expression
   93           | expression • AND expression
   94           | expression • OR expression

    ARROW  shift, and go to state 162
    '+'    shift, and go to state 147
    '-'    shift, and go to state 148
    '*'    shift, and go to state 149
    '/'    shift, and go to state 150
    '.'    shift, and go to state 163
    '['    shift, and go to state 164

    $default  reduce using rule 91 (expression)


State 184

   77 expression: expression • '+' expression
   78           | expression • '-' expression
   79           | expression • '*' expression
   80           | expression • '/' expression
   84           | expression • '[' expression ']'
   85           | expression • '.' IDENTIFIER
   86           | expression • ARROW IDENTIFIER
   87           | expression • EQ expression
   88           | expression • NE expression
   89           | expression • LT expression
   90           | expression • LE expression
   91           | expression • GT expression
   92           | expression • GE expression
   92           | expression GE expression •
   93           | expression • AND expression
   94           | expression • OR expression

    ARROW  shift, and go to state 162
    '+'    shift, and go to state 147
    '-'    shift, and go to state 148
    '*'    shift, and go to state 149
    '/'    shift, and go to state 150
    '.'    shift, and go to state 163
    '['    shift, and go to state 164

    $default  reduce using rule 92 (expression)


State 185

   77 expression: expression • '+' expression
   78           | expression • '-' expression
   79           | expression • '*' expression
   80           | expression • '/' expression
   84           | expression • '[' expression ']'
   85           | expression • '.' IDENTIFIER
   86           | expression • ARROW IDENTIFIER
   87           | expression • EQ expression
   88           | expression • NE expression
   89           | expression • LT expression
   90           | expression • LE expression
   91           | expression • GT expression
   92           | expression • GE expression
   93           | expression • AND expression
   93           | expression AND expression •
   94           | expression • OR expression

    EQ     shift, and go to state 138
    NE     shift, and go to state 139
    LT     shift, and go to state 140
    LE     shift, and go to state 141
    GT     shift, and go to state 142
    GE     shift, and go to state 143
    ARROW  shift, and go to state 162
    '+'    shift, and go to state 147
    '-'    shift, and go to state 148
    '*'    shift, and go to state 149
    '/'    shift, and go to state 150
    '.'    shift, and go to state 163
    '['    shift, and go to state 164

    $default  reduce using rule 93 (expression)


State 186

   77 expression: expression • '+' expression
   78           | expression • '-' expression
   79           | expression • '*' expression
   80           | expression • '/' expression
   84           | expression • '[' expression ']'
   85           | expression • '.' IDENTIFIER
   86           | expression • ARROW IDENTIFIER
   87           | expression • EQ expression
   88           | expression • NE expression
   89           | expression • LT expression
   90           | expression • LE expression
   91           | expression • GT expression
   92           | expression • GE expression
   93           | expression • AND expression
   94           | expression • OR expression
   94           | expression OR expression •

    EQ     shift, and go to state 138
    NE     shift, and go to state 139
    LT     shift, and go to state 140
    LE     shift, and go to state 141
    GT     shift, and go to state 142
    GE     shift, and go to state 143
    AND    shift, and go to state 144
    ARROW  shift, and go to state 162
    '+'    shift, and go to state 147
    '-'    shift, and go to state 148
    '*'    shift, and go to state 149
    '/'    shift, and go to state 150
    '.'    shift, and go to state 163
    '['    shift, and go to state 164

    $default  reduce using rule 94 (expression)


State 187

   76 assignment_statement: expression ARROW IDENTIFIER • '=' expression
   86 expression: expression ARROW IDENTIFIER •

    '='  shift, and go to state 209

    $default  reduce using rule 86 (expression)


State 188

   77 expression: expression • '+' expression
   77           | expression '+' expression •
   78           | expression • '-' expression
   79           | expression • '*' expression
   80           | expression • '/' expression
   84           | expression • '[' expression ']'
   85           | expression • '.' IDENTIFIER
   86           | expression • ARROW IDENTIFIER
   87           | expression • EQ expression
   88           | expression • NE expression
   89           | expression • LT expression
   90           | expression • LE expression
   91           | expression • GT expression
   92           | expression • GE expression
   93           | expression • AND expression
   94           | expression • OR expression

    ARROW  shift, and go to state 162
    '*'    shift, and go to state 149
    '/'    shift, and go to state 150
    '.'    shift, and go to state 163
    '['    shift, and go to state 164

    $default  reduce using rule 77 (expression)


State 189

   77 expression: expression • '+' expression
   78           | expression • '-' expression
   78           | expression '-' expression •
   79           | expression • '*' expression
   80           | expression • '/' expression
   84           | expression • '[' expression ']'
   85           | expression • '.' IDENTIFIER
   86           | expression • ARROW IDENTIFIER
   87           | expression • EQ expression
   88           | expression • NE expression
   89           | expression • LT expression
   90           | expression • LE expression
   91           | expression • GT expression
   92           | expression • GE expression
   93           | expression • AND expression
   94           | expression • OR expression

    ARROW  shift, and go to state 162
    '*'    shift, and go to state 149
    '/'    shift, and go to state 150
    '.'    shift, and go to state 163
    '['    shift, and go to state 164

    $default  reduce using rule 78 (expression)


State 190

   77 expression: expression • '+' expression
   78           | expression • '-' expression
   79           | expression • '*' expression
   79           | expression '*' expression •
   80           | expression • '/' expression
   84           | expression • '[' expression ']'
   85           | expression • '.' IDENTIFIER
   86           | expression • ARROW IDENTIFIER
   87           | expression • EQ expression
   88           | expression • NE expression
   89           | expression • LT expression
   90           | expression • LE expression
   91           | expression • GT expression
   92           | expression • GE expression
   93           | expression • AND expression
   94           | expression • OR expression

    ARROW  shift, and go to state 162
    '.'    shift, and go to state 163
    '['    shift, and go to state 164

    $default  reduce using rule 79 (expression)


State 191

   77 expression: expression • '+' expression
   78           | expression • '-' expression
   79           | expression • '*' expression
   80           | expression • '/' expression
   80           | expression '/' expression •
   84           | expression • '[' expression ']'
   85           | expression • '.' IDENTIFIER
   86           | expression • ARROW IDENTIFIER
   87           | expression • EQ expression
   88           | expression • NE expression
   89           | expression • LT expression
   90           | expression • LE expression
   91           | expression • GT expression
   92           | expression • GE expression
   93           | expression • AND expression
   94           | expression • OR expression

    ARROW  shift, and go to state 162
    '.'    shift, and go to state 163
    '['    shift, and go to state 164

    $default  reduce using rule 80 (expression)


State 192

   75 assignment_statement: expression '.' IDENTIFIER • '=' expression
   85 expression: expression '.' IDENTIFIER •

    '='  shift, and go to state 210

    $default  reduce using rule 85 (expression)


State 193

   74 assignment_statement: expression '[' expression • ']' '=' expression
   77 expression: expression • '+' expression
   78           | expression • '-' expression
   79           | expression • '*' expression
   80           | expression • '/' expression
   84           | expression • '[' expression ']'
   84           | expression '[' expression • ']'
   85           | expression • '.' IDENTIFIER
   86           | expression • ARROW IDENTIFIER
   87           | expression • EQ expression
   88           | expression • NE expression
   89           | expression • LT expression
   90           | expression • LE expression
   91           | expression • GT expression
   92           | expression • GE expression
   93           | expression • AND expression
   94           | expression • OR expression

    EQ     shift, and go to state 138
    NE     shift, and go to state 139
    LT     shift, and go to state 140
    LE     shift, and go to state 141
    GT     shift, and go to state 142
    GE     shift, and go to state 143
    AND    shift, and go to state 144
    OR     shift, and go to state 145
    ARROW  shift, and go to state 162
    '+'    shift, and go to state 147
    '-'    shift, and go to state 148
    '*'    shift, and go to state 149
    '/'    shift, and go to state 150
    '.'    shift, and go to state 163
    '['    shift, and go to state 164
    ']'    shift, and go to state 211


State 194

  113 if_statement: IF '(' expression ')' • block
  114             | IF '(' expression ')' • block ELSE block

    '{'  shift, and go to state 69

    block  go to state 212


State 195

  115 while_statement: WHILE '(' expression ')' • block

    '{'  shift, and go to state 69

    block  go to state 213


State 196

  127 call_expression: IDENTIFIER '(' argument_list • ')'

    ')'  shift, and go to state 214


State 197

   86 expression: expression ARROW IDENTIFIER •

    $default  reduce using rule 86 (expression)


State 198

   85 expression: expression '.' IDENTIFIER •

    $default  reduce using rule 85 (expression)


State 199

   77 expression: expression • '+' expression
   78           | expression • '-' expression
   79           | expression • '*' expression
   80           | expression • '/' expression
   84           | expression • '[' expression ']'
   84           | expression '[' expression • ']'
   85           | expression • '.' IDENTIFIER
   86           | expression • ARROW IDENTIFIER
   87           | expression • EQ expression
   88           | expression • NE expression
   89           | expression • LT expression
   90           | expression • LE expression
   91           | expression • GT expression
   92           | expression • GE expression
   93           | expression • AND expression
   94           | expression • OR expression

    EQ     shift, and go to state 138
    NE     shift, and go to state 139
    LT     shift, and go to state 140
    LE     shift, and go to state 141
    GT     shift, and go to state 142
    GE     shift, and go to state 143
    AND    shift, and go to state 144
    OR     shift, and go to state 145
    ARROW  shift, and go to state 162
    '+'    shift, and go to state 147
    '-'    shift, and go to state 148
    '*'    shift, and go to state 149
    '/'    shift, and go to state 150
    '.'    shift, and go to state 163
    '['    shift, and go to state 164
    ']'    shift, and go to state 215


State 200

  126 call_statement: IDENTIFIER '(' argument_list ')' •
  127 call_expression: IDENTIFIER '(' argument_list ')' •

    ';'       reduce using rule 126 (call_statement)
    ')'       reduce using rule 126 (call_statement)
    $default  reduce using rule 127 (call_expression)


State 201

  107 expression_list: expression_list ',' • expression

    INTEGER     shift, and go to state 83
    IDENTIFIER  shift, and go to state 120
    CHARACTER   shift, and go to state 90
    '-'         shift, and go to state 91
    '*'         shift, and go to state 121
    '('         shift, and go to state 93
    '&'         shift, and go to state 94

    expression       go to state 216
    call_expression  go to state 111


State 202

   57 switch_statement: SWITCH '(' expression ')' • '{' setup case_list '}'

    '{'  shift, and go to state 217


State 203

  117 for_statement: FOR '(' for_init ';' • for_cond ';' for_iter ')' block

    INTEGER     shift, and go to state 83
    IDENTIFIER  shift, and go to state 120
    CHARACTER   shift, and go to state 90
    '-'         shift, and go to state 91
    '*'         shift, and go to state 121
    '('         shift, and go to state 93
    '&'         shift, and go to state 94

    $default  reduce using rule 122 (for_cond)

    expression       go to state 218
    for_cond         go to state 219
    call_expression  go to state 111


State 204

  116 do_while_statement: DO block WHILE '(' • expression ')' ';'

    INTEGER     shift, and go to state 83
    IDENTIFIER  shift, and go to state 120
    CHARACTER   shift, and go to state 90
    '-'         shift, and go to state 91
    '*'         shift, and go to state 121
    '('         shift, and go to state 93
    '&'         shift, and go to state 94

    expression       go to state 220
    call_expression  go to state 111


State 205

   73 assignment_statement: '*' expression '=' expression •
   77 expression: expression • '+' expression
   78           | expression • '-' expression
   79           | expression • '*' expression
   80           | expression • '/' expression
   84           | expression • '[' expression ']'
   85           | expression • '.' IDENTIFIER
   86           | expression • ARROW IDENTIFIER
   87           | expression • EQ expression
   88           | expression • NE expression
   89           | expression • LT expression
   90           | expression • LE expression
   91           | expression • GT expression
   92           | expression • GE expression
   93           | expression • AND expression
   94           | expression • OR expression

    EQ     shift, and go to state 138
    NE     shift, and go to state 139
    LT     shift, and go to state 140
    LE     shift, and go to state 141
    GT     shift, and go to state 142
    GE     shift, and go to state 143
    AND    shift, and go to state 144
    OR     shift, and go to state 145
    ARROW  shift, and go to state 162
    '+'    shift, and go to state 147
    '-'    shift, and go to state 148
    '*'    shift, and go to state 149
    '/'    shift, and go to state 150
    '.'    shift, and go to state 163
    '['    shift, and go to state 164

    $default  reduce using rule 73 (assignment_statement)


State 206

  103 laddr: laddr ARROW IDENTIFIER •

    $default  reduce using rule 103 (laddr)


State 207

  102 laddr: laddr '.' IDENTIFIER •

    $default  reduce using rule 102 (laddr)


State 208

   77 expression: expression • '+' expression
   78           | expression • '-' expression
   79           | expression • '*' expression
   80           | expression • '/' expression
   84           | expression • '[' expression ']'
   85           | expression • '.' IDENTIFIER
   86           | expression • ARROW IDENTIFIER
   87           | expression • EQ expression
   88           | expression • NE expression
   89           | expression • LT expression
   90           | expression • LE expression
   91           | expression • GT expression
   92           | expression • GE expression
   93           | expression • AND expression
   94           | expression • OR expression
  101 laddr: laddr '[' expression • ']'

    EQ     shift, and go to state 138
    NE     shift, and go to state 139
    LT     shift, and go to state 140
    LE     shift, and go to state 141
    GT     shift, and go to state 142
    GE     shift, and go to state 143
    AND    shift, and go to state 144
    OR     shift, and go to state 145
    ARROW  shift, and go to state 162
    '+'    shift, and go to state 147
    '-'    shift, and go to state 148
    '*'    shift, and go to state 149
    '/'    shift, and go to state 150
    '.'    shift, and go to state 163
    '['    shift, and go to state 164
    ']'    shift, and go to state 221


State 209

   76 assignment_statement: expression ARROW IDENTIFIER '=' • expression

    INTEGER     shift, and go to state 83
    IDENTIFIER  shift, and go to state 120
    CHARACTER   shift, and go to state 90
    '-'         shift, and go to state 91
    '*'         shift, and go to state 121
    '('         shift, and go to state 93
    '&'         shift, and go to state 94

    expression       go to state 222
    call_expression  go to state 111


State 210

   75 assignment_statement: expression '.' IDENTIFIER '=' • expression

    INTEGER     shift, and go to state 83
    IDENTIFIER  shift, and go to state 120
    CHARACTER   shift, and go to state 90
    '-'         shift, and go to state 91
    '*'         shift, and go to state 121
    '('         shift, and go to state 93
    '&'         shift, and go to state 94

    expression       go to state 223
    call_expression  go to state 111


State 211

   74 assignment_statement: expression '[' expression ']' • '=' expression
   84 expression: expression '[' expression ']' •

    '='  shift, and go to state 224

    $default  reduce using rule 84 (expression)


State 212

  113 if_statement: IF '(' expression ')' block •
  114             | IF '(' expression ')' block • ELSE block

    ELSE  shift, and go to state 225

    $default  reduce using rule 113 (if_statement)


State 213

  115 while_statement: WHILE '(' expression ')' block •

    $default  reduce using rule 115 (while_statement)


State 214

  127 call_expression: IDENTIFIER '(' argument_list ')' •

    $default  reduce using rule 127 (call_expression)


State 215

   84 expression: expression '[' expression ']' •

    $default  reduce using rule 84 (expression)


State 216

   77 expression: expression • '+' expression
   78           | expression • '-' expression
   79           | expression • '*' expression
   80           | expression • '/' expression
   84           | expression • '[' expression ']'
   85           | expression • '.' IDENTIFIER
   86           | expression • ARROW IDENTIFIER
   87           | expression • EQ expression
   88           | expression • NE expression
   89           | expression • LT expression
   90           | expression • LE expression
   91           | expression • GT expression
   92           | expression • GE expression
   93           | expression • AND expression
   94           | expression • OR expression
  107 expression_list: expression_list ',' expression •

    EQ     shift, and go to state 138
    NE     shift, and go to state 139
    LT     shift, and go to state 140
    LE     shift, and go to state 141
    GT     shift, and go to state 142
    GE     shift, and go to state 143
    AND    shift, and go to state 144
    OR     shift, and go to state 145
    ARROW  shift, and go to state 162
    '+'    shift, and go to state 147
    '-'    shift, and go to state 148
    '*'    shift, and go to state 149
    '/'    shift, and go to state 150
    '.'    shift, and go to state 163
    '['    shift, and go to state 164

    $default  reduce using rule 107 (expression_list)


State 217

   57 switch_statement: SWITCH '(' expression ')' '{' • setup case_list '}'

    $default  reduce using rule 58 (setup)

    setup  go to state 226


State 218

   77 expression: expression • '+' expression
   78           | expression • '-' expression
   79           | expression • '*' expression
   80           | expression • '/' expression
   84           | expression • '[' expression ']'
   85           | expression • '.' IDENTIFIER
   86           | expression • ARROW IDENTIFIER
   87           | expression • EQ expression
   88           | expression • NE expression
   89           | expression • LT expression
   90           | expression • LE expression
   91           | expression • GT expression
   92           | expression • GE expression
   93           | expression • AND expression
   94           | expression • OR expression
  121 for_cond: expression •

    EQ     shift, and go to state 138
    NE     shift, and go to state 139
    LT     shift, and go to state 140
    LE     shift, and go to state 141
    GT     shift, and go to state 142
    GE     shift, and go to state 143
    AND    shift, and go to state 144
    OR     shift, and go to state 145
    ARROW  shift, and go to state 162
    '+'    shift, and go to state 147
    '-'    shift, and go to state 148
    '*'    shift, and go to state 149
    '/'    shift, and go to state 150
    '.'    shift, and go to state 163
    '['    shift, and go to state 164

    $default  reduce using rule 121 (for_cond)


State 219

  117 for_statement: FOR '(' for_init ';' for_cond • ';' for_iter ')' block

    ';'  shift, and go to state 227


State 220

   77 expression: expression • '+' expression
   78           | expression • '-' expression
   79           | expression • '*' expression
   80           | expression • '/' expression
   84           | expression • '[' expression ']'
   85           | expression • '.' IDENTIFIER
   86           | expression • ARROW IDENTIFIER
   87           | expression • EQ expression
   88           | expression • NE expression
   89           | expression • LT expression
   90           | expression • LE expression
   91           | expression • GT expression
   92           | expression • GE expression
   93           | expression • AND expression
   94           | expression • OR expression
  116 do_while_statement: DO block WHILE '(' expression • ')' ';'

    EQ     shift, and go to state 138
    NE     shift, and go to state 139
    LT     shift, and go to state 140
    LE     shift, and go to state 141
    GT     shift, and go to state 142
    GE     shift, and go to state 143
    AND    shift, and go to state 144
    OR     shift, and go to state 145
    ARROW  shift, and go to state 162
    '+'    shift, and go to state 147
    '-'    shift, and go to state 148
    '*'    shift, and go to state 149
    '/'    shift, and go to state 150
    '.'    shift, and go to state 163
    '['    shift, and go to state 164
    ')'    shift, and go to state 228


State 221

  101 laddr: laddr '[' expression ']' •

    $default  reduce using rule 101 (laddr)


State 222

   76 assignment_statement: expression ARROW IDENTIFIER '=' expression •
   77 expression: expression • '+' expression
   78           | expression • '-' expression
   79           | expression • '*' expression
   80           | expression • '/' expression
   84           | expression • '[' expression ']'
   85           | expression • '.' IDENTIFIER
   86           | expression • ARROW IDENTIFIER
   87           | expression • EQ expression
   88           | expression • NE expression
   89           | expression • LT expression
   90           | expression • LE expression
   91           | expression • GT expression
   92           | expression • GE expression
   93           | expression • AND expression
   94           | expression • OR expression

    EQ     shift, and go to state 138
    NE     shift, and go to state 139
    LT     shift, and go to state 140
    LE     shift, and go to state 141
    GT     shift, and go to state 142
    GE     shift, and go to state 143
    AND    shift, and go to state 144
    OR     shift, and go to state 145
    ARROW  shift, and go to state 162
    '+'    shift, and go to state 147
    '-'    shift, and go to state 148
    '*'    shift, and go to state 149
    '/'    shift, and go to state 150
    '.'    shift, and go to state 163
    '['    shift, and go to state 164

    $default  reduce using rule 76 (assignment_statement)


State 223

   75 assignment_statement: expression '.' IDENTIFIER '=' expression •
   77 expression: expression • '+' expression
   78           | expression • '-' expression
   79           | expression • '*' expression
   80           | expression • '/' expression
   84           | expression • '[' expression ']'
   85           | expression • '.' IDENTIFIER
   86           | expression • ARROW IDENTIFIER
   87           | expression • EQ expression
   88           | expression • NE expression
   89           | expression • LT expression
   90           | expression • LE expression
   91           | expression • GT expression
   92           | expression • GE expression
   93           | expression • AND expression
   94           | expression • OR expression

    EQ     shift, and go to state 138
    NE     shift, and go to state 139
    LT     shift, and go to state 140
    LE     shift, and go to state 141
    GT     shift, and go to state 142
    GE     shift, and go to state 143
    AND    shift, and go to state 144
    OR     shift, and go to state 145
    ARROW  shift, and go to state 162
    '+'    shift, and go to state 147
    '-'    shift, and go to state 148
    '*'    shift, and go to state 149
    '/'    shift, and go to state 150
    '.'    shift, and go to state 163
    '['    shift, and go to state 164

    $default  reduce using rule 75 (assignment_statement)


State 224

   74 assignment_statement: expression '[' expression ']' '=' • expression

    INTEGER     shift, and go to state 83
    IDENTIFIER  shift, and go to state 120
    CHARACTER   shift, and go to state 90
    '-'         shift, and go to state 91
    '*'         shift, and go to state 121
    '('         shift, and go to state 93
    '&'         shift, and go to state 94

    expression       go to state 229
    call_expression  go to state 111


State 225

  114 if_statement: IF '(' expression ')' block ELSE • block

    '{'  shift, and go to state 69

    block  go to state 230


State 226

   57 switch_statement: SWITCH '(' expression ')' '{' setup • case_list '}'

    $default  reduce using rule 59 (case_list)

    case_list  go to state 231


State 227

  117 for_statement: FOR '(' for_init ';' for_cond ';' • for_iter ')' block

    INTEGER     shift, and go to state 83
    IDENTIFIER  shift, and go to state 84
    CHARACTER   shift, and go to state 90
    '-'         shift, and go to state 91
    '*'         shift, and go to state 92
    '('         shift, and go to state 93
    '&'         shift, and go to state 94

    $default  reduce using rule 125 (for_iter)

    assignment_statement  go to state 232
    expression            go to state 102
    for_iter              go to state 233
    call_statement        go to state 234
    call_expression       go to state 111


State 228

  116 do_while_statement: DO block WHILE '(' expression ')' • ';'

    ';'  shift, and go to state 235


State 229

   74 assignment_statement: expression '[' expression ']' '=' expression •
   77 expression: expression • '+' expression
   78           | expression • '-' expression
   79           | expression • '*' expression
   80           | expression • '/' expression
   84           | expression • '[' expression ']'
   85           | expression • '.' IDENTIFIER
   86           | expression • ARROW IDENTIFIER
   87           | expression • EQ expression
   88           | expression • NE expression
   89           | expression • LT expression
   90           | expression • LE expression
   91           | expression • GT expression
   92           | expression • GE expression
   93           | expression • AND expression
   94           | expression • OR expression

    EQ     shift, and go to state 138
    NE     shift, and go to state 139
    LT     shift, and go to state 140
    LE     shift, and go to state 141
    GT     shift, and go to state 142
    GE     shift, and go to state 143
    AND    shift, and go to state 144
    OR     shift, and go to state 145
    ARROW  shift, and go to state 162
    '+'    shift, and go to state 147
    '-'    shift, and go to state 148
    '*'    shift, and go to state 149
    '/'    shift, and go to state 150
    '.'    shift, and go to state 163
    '['    shift, and go to state 164

    $default  reduce using rule 74 (assignment_statement)


State 230

  114 if_statement: IF '(' expression ')' block ELSE block •

    $default  reduce using rule 114 (if_statement)


State 231

   57 switch_statement: SWITCH '(' expression ')' '{' setup case_list • '}'
   60 case_list: case_list • case_item

    CASE     shift, and go to state 236
    DEFAULT  shift, and go to state 237
    '}'      shift, and go to state 238

    case_item  go to state 239


State 232

  123 for_iter: assignment_statement •

    $default  reduce using rule 123 (for_iter)


State 233

  117 for_statement: FOR '(' for_init ';' for_cond ';' for_iter • ')' block

    ')'  shift, and go to state 240


State 234

  124 for_iter: call_statement •

    $default  reduce using rule 124 (for_iter)


State 235

  116 do_while_statement: DO block WHILE '(' expression ')' ';' •

    $default  reduce using rule 116 (do_while_statement)


State 236

   61 case_item: CASE • INTEGER ':' statement_list
   62          | CASE • INTEGER ':'
   63          | CASE • CHARACTER ':' statement_list
   64          | CASE • CHARACTER ':'

    INTEGER    shift, and go to state 241
    CHARACTER  shift, and go to state 242


State 237

   65 case_item: DEFAULT • ':' statement_list
   66          | DEFAULT • ':'

    ':'  shift, and go to state 243


State 238

   57 switch_statement: SWITCH '(' expression ')' '{' setup case_list '}' •

    $default  reduce using rule 57 (switch_statement)


State 239

   60 case_list: case_list case_item •

    $default  reduce using rule 60 (case_list)


State 240

  117 for_statement: FOR '(' for_init ';' for_cond ';' for_iter ')' • block

    '{'  shift, and go to state 69

    block  go to state 244


State 241

   61 case_item: CASE INTEGER • ':' statement_list
   62          | CASE INTEGER • ':'

    ':'  shift, and go to state 245


State 242

   63 case_item: CASE CHARACTER • ':' statement_list
   64          | CASE CHARACTER • ':'

    ':'  shift, and go to state 246


State 243

   65 case_item: DEFAULT ':' • statement_list
   66          | DEFAULT ':' •

    error       shift, and go to state 77
    IF          shift, and go to state 78
    WHILE       shift, and go to state 79
    INPUT       shift, and go to state 80
    OUTPUT      shift, and go to state 81
    RETURN      shift, and go to state 82
    INTEGER     shift, and go to state 83
    IDENTIFIER  shift, and go to state 84
    SWITCH      shift, and go to state 85
    BREAK       shift, and go to state 86
    FOR         shift, and go to state 87
    DO          shift, and go to state 88
    CONTINUE    shift, and go to state 89
    CHARACTER   shift, and go to state 90
    '-'         shift, and go to state 91
    '*'         shift, and go to state 92
    '{'         shift, and go to state 69
    '('         shift, and go to state 93
    '&'         shift, and go to state 94

    CASE     reduce using rule 66 (case_item)
    DEFAULT  reduce using rule 66 (case_item)
    '}'      reduce using rule 66 (case_item)

    statement             go to state 97
    switch_statement      go to state 98
    block                 go to state 99
    statement_list        go to state 247
    assignment_statement  go to state 101
    expression            go to state 102
    input_statement       go to state 103
    output_statement      go to state 104
    return_statement      go to state 105
    if_statement          go to state 106
    while_statement       go to state 107
    do_while_statement    go to state 108
    for_statement         go to state 109
    call_statement        go to state 110
    call_expression       go to state 111


State 244

  117 for_statement: FOR '(' for_init ';' for_cond ';' for_iter ')' block •

    $default  reduce using rule 117 (for_statement)


State 245

   61 case_item: CASE INTEGER ':' • statement_list
   62          | CASE INTEGER ':' •

    error       shift, and go to state 77
    IF          shift, and go to state 78
    WHILE       shift, and go to state 79
    INPUT       shift, and go to state 80
    OUTPUT      shift, and go to state 81
    RETURN      shift, and go to state 82
    INTEGER     shift, and go to state 83
    IDENTIFIER  shift, and go to state 84
    SWITCH      shift, and go to state 85
    BREAK       shift, and go to state 86
    FOR         shift, and go to state 87
    DO          shift, and go to state 88
    CONTINUE    shift, and go to state 89
    CHARACTER   shift, and go to state 90
    '-'         shift, and go to state 91
    '*'         shift, and go to state 92
    '{'         shift, and go to state 69
    '('         shift, and go to state 93
    '&'         shift, and go to state 94

    CASE     reduce using rule 62 (case_item)
    DEFAULT  reduce using rule 62 (case_item)
    '}'      reduce using rule 62 (case_item)

    statement             go to state 97
    switch_statement      go to state 98
    block                 go to state 99
    statement_list        go to state 248
    assignment_statement  go to state 101
    expression            go to state 102
    input_statement       go to state 103
    output_statement      go to state 104
    return_statement      go to state 105
    if_statement          go to state 106
    while_statement       go to state 107
    do_while_statement    go to state 108
    for_statement         go to state 109
    call_statement        go to state 110
    call_expression       go to state 111


State 246

   63 case_item: CASE CHARACTER ':' • statement_list
   64          | CASE CHARACTER ':' •

    error       shift, and go to state 77
    IF          shift, and go to state 78
    WHILE       shift, and go to state 79
    INPUT       shift, and go to state 80
    OUTPUT      shift, and go to state 81
    RETURN      shift, and go to state 82
    INTEGER     shift, and go to state 83
    IDENTIFIER  shift, and go to state 84
    SWITCH      shift, and go to state 85
    BREAK       shift, and go to state 86
    FOR         shift, and go to state 87
    DO          shift, and go to state 88
    CONTINUE    shift, and go to state 89
    CHARACTER   shift, and go to state 90
    '-'         shift, and go to state 91
    '*'         shift, and go to state 92
    '{'         shift, and go to state 69
    '('         shift, and go to state 93
    '&'         shift, and go to state 94

    CASE     reduce using rule 64 (case_item)
    DEFAULT  reduce using rule 64 (case_item)
    '}'      reduce using rule 64 (case_item)

    statement             go to state 97
    switch_statement      go to state 98
    block                 go to state 99
    statement_list        go to state 249
    assignment_statement  go to state 101
    expression            go to state 102
    input_statement       go to state 103
    output_statement      go to state 104
    return_statement      go to state 105
    if_statement          go to state 106
    while_statement       go to state 107
    do_while_statement    go to state 108
    for_statement         go to state 109
    call_statement        go to state 110
    call_expression       go to state 111


State 247

   65 case_item: DEFAULT ':' statement_list •
   71 statement_list: statement_list • statement

    error       shift, and go to state 77
    IF          shift, and go to state 78
    WHILE       shift, and go to state 79
    INPUT       shift, and go to state 80
    OUTPUT      shift, and go to state 81
    RETURN      shift, and go to state 82
    INTEGER     shift, and go to state 83
    IDENTIFIER  shift, and go to state 84
    SWITCH      shift, and go to state 85
    BREAK       shift, and go to state 86
    FOR         shift, and go to state 87
    DO          shift, and go to state 88
    CONTINUE    shift, and go to state 89
    CHARACTER   shift, and go to state 90
    '-'         shift, and go to state 91
    '*'         shift, and go to state 92
    '{'         shift, and go to state 69
    '('         shift, and go to state 93
    '&'         shift, and go to state 94

    CASE     reduce using rule 65 (case_item)
    DEFAULT  reduce using rule 65 (case_item)
    '}'      reduce using rule 65 (case_item)

    statement             go to state 136
    switch_statement      go to state 98
    block                 go to state 99
    assignment_statement  go to state 101
    expression            go to state 102
    input_statement       go to state 103
    output_statement      go to state 104
    return_statement      go to state 105
    if_statement          go to state 106
    while_statement       go to state 107
    do_while_statement    go to state 108
    for_statement         go to state 109
    call_statement        go to state 110
    call_expression       go to state 111


State 248

   61 case_item: CASE INTEGER ':' statement_list •
   71 statement_list: statement_list • statement

    error       shift, and go to state 77
    IF          shift, and go to state 78
    WHILE       shift, and go to state 79
    INPUT       shift, and go to state 80
    OUTPUT      shift, and go to state 81
    RETURN      shift, and go to state 82
    INTEGER     shift, and go to state 83
    IDENTIFIER  shift, and go to state 84
    SWITCH      shift, and go to state 85
    BREAK       shift, and go to state 86
    FOR         shift, and go to state 87
    DO          shift, and go to state 88
    CONTINUE    shift, and go to state 89
    CHARACTER   shift, and go to state 90
    '-'         shift, and go to state 91
    '*'         shift, and go to state 92
    '{'         shift, and go to state 69
    '('         shift, and go to state 93
    '&'         shift, and go to state 94

    CASE     reduce using rule 61 (case_item)
    DEFAULT  reduce using rule 61 (case_item)
    '}'      reduce using rule 61 (case_item)

    statement             go to state 136
    switch_statement      go to state 98
    block                 go to state 99
    assignment_statement  go to state 101
    expression            go to state 102
    input_statement       go to state 103
    output_statement      go to state 104
    return_statement      go to state 105
    if_statement          go to state 106
    while_statement       go to state 107
    do_while_statement    go to state 108
    for_statement         go to state 109
    call_statement        go to state 110
    call_expression       go to state 111


State 249

   63 case_item: CASE CHARACTER ':' statement_list •
   71 statement_list: statement_list • statement

    error       shift, and go to state 77
    IF          shift, and go to state 78
    WHILE       shift, and go to state 79
    INPUT       shift, and go to state 80
    OUTPUT      shift, and go to state 81
    RETURN      shift, and go to state 82
    INTEGER     shift, and go to state 83
    IDENTIFIER  shift, and go to state 84
    SWITCH      shift, and go to state 85
    BREAK       shift, and go to state 86
    FOR         shift, and go to state 87
    DO          shift, and go to state 88
    CONTINUE    shift, and go to state 89
    CHARACTER   shift, and go to state 90
    '-'         shift, and go to state 91
    '*'         shift, and go to state 92
    '{'         shift, and go to state 69
    '('         shift, and go to state 93
    '&'         shift, and go to state 94

    CASE     reduce using rule 63 (case_item)
    DEFAULT  reduce using rule 63 (case_item)
    '}'      reduce using rule 63 (case_item)

    statement             go to state 136
    switch_statement      go to state 98
    block                 go to state 99
    assignment_statement  go to state 101
    expression            go to state 102
    input_statement       go to state 103
    output_statement      go to state 104
    return_statement      go to state 105
    if_statement          go to state 106
    while_statement       go to state 107
    do_while_statement    go to state 108
    for_statement         go to state 109
    call_statement        go to state 110
    call_expression       go to state 111
